level_5_sig_id,cell,plate,time,level_3_samples,samples_number,pert_type,pert_drug,targets,targets_number,dose,dose_float
ASG002_U251MG_24H:A03,U251MG,ASG002,24 h,ASG002_U251MG_24H_X1_B35:A03,1,ctl_vehicle,DMSO,DMSO_No_target,0.0,0 uM,0.0
ASG002_U251MG_24H:A04,U251MG,ASG002,24 h,ASG002_U251MG_24H_X1_B35:A04,1,ctl_vehicle,DMSO,DMSO_No_target,0.0,0 uM,0.0
ASG002_U251MG_24H:A05,U251MG,ASG002,24 h,ASG002_U251MG_24H_X1_B35:A05,1,ctl_vehicle,DMSO,DMSO_No_target,0.0,0 uM,0.0
ASG002_U251MG_24H:J13,U251MG,ASG002,24 h,ASG002_U251MG_24H_X1_B35:J13,1,ctl_vehicle,DMSO,DMSO_No_target,0.0,0 uM,0.0
ASG002_U251MG_24H:J14,U251MG,ASG002,24 h,ASG002_U251MG_24H_X1_B35:J14,1,ctl_vehicle,DMSO,DMSO_No_target,0.0,0 uM,0.0
ASG002_U251MG_24H:J15,U251MG,ASG002,24 h,ASG002_U251MG_24H_X1_B35:J15,1,ctl_vehicle,DMSO,DMSO_No_target,0.0,0 uM,0.0
ASG002_U251MG_24H:J16,U251MG,ASG002,24 h,ASG002_U251MG_24H_X1_B35:J16,1,ctl_vehicle,DMSO,DMSO_No_target,0.0,0 uM,0.0
ASG002_U251MG_24H:J17,U251MG,ASG002,24 h,ASG002_U251MG_24H_X1_B35:J17,1,ctl_vehicle,DMSO,DMSO_No_target,0.0,0 uM,0.0
ASG002_U251MG_24H:J18,U251MG,ASG002,24 h,ASG002_U251MG_24H_X1_B35:J18,1,ctl_vehicle,DMSO,DMSO_No_target,0.0,0 uM,0.0
ASG002_U251MG_24H:O04,U251MG,ASG002,24 h,ASG002_U251MG_24H_X1_B35:O04,1,ctl_vehicle,DMSO,DMSO_No_target,0.0,0 uM,0.0
ASG002_U251MG_24H:O05,U251MG,ASG002,24 h,ASG002_U251MG_24H_X1_B35:O05,1,ctl_vehicle,DMSO,DMSO_No_target,0.0,0 uM,0.0
ASG002_U251MG_24H:O06,U251MG,ASG002,24 h,ASG002_U251MG_24H_X1_B35:O06,1,ctl_vehicle,DMSO,DMSO_No_target,0.0,0 uM,0.0
ASG002_U251MG_24H:A07,U251MG,ASG002,24 h,ASG002_U251MG_24H_X1_B35:A07,1,trt_cp,CGS-15943,"ADORA1, ADORA2A, ADORA2B",3.0,10 uM,10.0
ASG002_U251MG_24H:A08,U251MG,ASG002,24 h,ASG002_U251MG_24H_X1_B35:A08,1,trt_cp,CGS-15943,"ADORA1, ADORA2A, ADORA2B",3.0,1.11 uM,1.11
ASG002_U251MG_24H:A09,U251MG,ASG002,24 h,ASG002_U251MG_24H_X1_B35:A09,1,trt_cp,CGS-15943,"ADORA1, ADORA2A, ADORA2B",3.0,0.12 uM,0.12
ASG002_U251MG_24H:A10,U251MG,ASG002,24 h,ASG002_U251MG_24H_X1_B35:A10,1,trt_cp,taselisib,PIK3CA,1.0,10 uM,10.0
ASG002_U251MG_24H:A11,U251MG,ASG002,24 h,ASG002_U251MG_24H_X1_B35:A11,1,trt_cp,taselisib,PIK3CA,1.0,1.11 uM,1.11
ASG002_U251MG_24H:A12,U251MG,ASG002,24 h,ASG002_U251MG_24H_X1_B35:A12,1,trt_cp,taselisib,PIK3CA,1.0,0.12 uM,0.12
ASG002_U251MG_24H:A13,U251MG,ASG002,24 h,ASG002_U251MG_24H_X1_B35:A13,1,trt_cp,TW-37,"BCL2, BCL2L1, MCL1",3.0,10 uM,10.0
ASG002_U251MG_24H:A14,U251MG,ASG002,24 h,ASG002_U251MG_24H_X1_B35:A14,1,trt_cp,TW-37,"BCL2, BCL2L1, MCL1",3.0,0.74 uM,0.74
ASG002_U251MG_24H:A15,U251MG,ASG002,24 h,ASG002_U251MG_24H_X1_B35:A15,1,trt_cp,TW-37,"BCL2, BCL2L1, MCL1",3.0,0.08 uM,0.08
ASG002_U251MG_24H:A16,U251MG,ASG002,24 h,ASG002_U251MG_24H_X1_B35:A16,1,trt_cp,lorazepam,"GABRA1, GABRA2, GABRA3, GABRA4, GABRA5, GABRA6, GABRB1, GABRB2, GABRB3, GABRD, GABRE, GABRG1, GABRG2, GABRG3, GABRP, GABRQ",16.0,10 uM,10.0
ASG002_U251MG_24H:A17,U251MG,ASG002,24 h,ASG002_U251MG_24H_X1_B35:A17,1,trt_cp,lorazepam,"GABRA1, GABRA2, GABRA3, GABRA4, GABRA5, GABRA6, GABRB1, GABRB2, GABRB3, GABRD, GABRE, GABRG1, GABRG2, GABRG3, GABRP, GABRQ",16.0,1.11 uM,1.11
ASG002_U251MG_24H:A18,U251MG,ASG002,24 h,ASG002_U251MG_24H_X1_B35:A18,1,trt_cp,lorazepam,"GABRA1, GABRA2, GABRA3, GABRA4, GABRA5, GABRA6, GABRB1, GABRB2, GABRB3, GABRD, GABRE, GABRG1, GABRG2, GABRG3, GABRP, GABRQ",16.0,0.12 uM,0.12
ASG002_U251MG_24H:A19,U251MG,ASG002,24 h,ASG002_U251MG_24H_X1_B35:A19,1,trt_cp,AS-605240,PIK3CG,1.0,10 uM,10.0
ASG002_U251MG_24H:A20,U251MG,ASG002,24 h,ASG002_U251MG_24H_X1_B35:A20,1,trt_cp,AS-605240,PIK3CG,1.0,1.11 uM,1.11
ASG002_U251MG_24H:A21,U251MG,ASG002,24 h,ASG002_U251MG_24H_X1_B35:A21,1,trt_cp,AS-605240,PIK3CG,1.0,0.12 uM,0.12
ASG002_U251MG_24H:A22,U251MG,ASG002,24 h,ASG002_U251MG_24H_X1_B35:A22,1,trt_cp,calcipotriol,VDR,1.0,10 uM,10.0
ASG002_U251MG_24H:A23,U251MG,ASG002,24 h,ASG002_U251MG_24H_X1_B35:A23,1,trt_cp,calcipotriol,VDR,1.0,1.11 uM,1.11
ASG002_U251MG_24H:A24,U251MG,ASG002,24 h,ASG002_U251MG_24H_X1_B35:A24,1,trt_cp,calcipotriol,VDR,1.0,0.12 uM,0.12
ASG002_U251MG_24H:B03,U251MG,ASG002,24 h,ASG002_U251MG_24H_X1_B35:B03,1,trt_cp,AZD-8055,MTOR,1.0,0.12 uM,0.12
ASG002_U251MG_24H:B04,U251MG,ASG002,24 h,ASG002_U251MG_24H_X1_B35:B04,1,trt_cp,XL-888,,0.0,10 uM,10.0
ASG002_U251MG_24H:B05,U251MG,ASG002,24 h,ASG002_U251MG_24H_X1_B35:B05,1,trt_cp,XL-888,,0.0,1.11 uM,1.11
ASG002_U251MG_24H:B06,U251MG,ASG002,24 h,ASG002_U251MG_24H_X1_B35:B06,1,trt_cp,XL-888,,0.0,0.12 uM,0.12
ASG002_U251MG_24H:B07,U251MG,ASG002,24 h,ASG002_U251MG_24H_X1_B35:B07,1,trt_cp,ABT-751,,0.0,10 uM,10.0
ASG002_U251MG_24H:B08,U251MG,ASG002,24 h,ASG002_U251MG_24H_X1_B35:B08,1,trt_cp,ABT-751,,0.0,1.11 uM,1.11
ASG002_U251MG_24H:B09,U251MG,ASG002,24 h,ASG002_U251MG_24H_X1_B35:B09,1,trt_cp,ABT-751,,0.0,0.08 uM,0.08
ASG002_U251MG_24H:B10,U251MG,ASG002,24 h,ASG002_U251MG_24H_X1_B35:B10,1,trt_cp,AMG-232,MDM2,1.0,10 uM,10.0
ASG002_U251MG_24H:B11,U251MG,ASG002,24 h,ASG002_U251MG_24H_X1_B35:B11,1,trt_cp,AMG-232,MDM2,1.0,1.11 uM,1.11
ASG002_U251MG_24H:B12,U251MG,ASG002,24 h,ASG002_U251MG_24H_X1_B35:B12,1,trt_cp,AMG-232,MDM2,1.0,0.12 uM,0.12
ASG002_U251MG_24H:B13,U251MG,ASG002,24 h,ASG002_U251MG_24H_X1_B35:B13,1,trt_cp,RITA,MDM2,1.0,10 uM,10.0
ASG002_U251MG_24H:B14,U251MG,ASG002,24 h,ASG002_U251MG_24H_X1_B35:B14,1,trt_cp,RITA,MDM2,1.0,1.11 uM,1.11
ASG002_U251MG_24H:B15,U251MG,ASG002,24 h,ASG002_U251MG_24H_X1_B35:B15,1,trt_cp,RITA,MDM2,1.0,0.08 uM,0.08
ASG002_U251MG_24H:B16,U251MG,ASG002,24 h,ASG002_U251MG_24H_X1_B35:B16,1,trt_cp,indinavir,"CYP3A4, CYP3A5, CYP3A7",3.0,10 uM,10.0
ASG002_U251MG_24H:B17,U251MG,ASG002,24 h,ASG002_U251MG_24H_X1_B35:B17,1,trt_cp,indinavir,"CYP3A4, CYP3A5, CYP3A7",3.0,1.11 uM,1.11
ASG002_U251MG_24H:B18,U251MG,ASG002,24 h,ASG002_U251MG_24H_X1_B35:B18,1,trt_cp,indinavir,"CYP3A4, CYP3A5, CYP3A7",3.0,0.12 uM,0.12
ASG002_U251MG_24H:B19,U251MG,ASG002,24 h,ASG002_U251MG_24H_X1_B35:B19,1,trt_cp,cabozantinib,"FLT3, KDR, KIT, MET, RET, TEK",6.0,10 uM,10.0
ASG002_U251MG_24H:B20,U251MG,ASG002,24 h,ASG002_U251MG_24H_X1_B35:B20,1,trt_cp,cabozantinib,"FLT3, KDR, KIT, MET, RET, TEK",6.0,1.11 uM,1.11
ASG002_U251MG_24H:B21,U251MG,ASG002,24 h,ASG002_U251MG_24H_X1_B35:B21,1,trt_cp,cabozantinib,"FLT3, KDR, KIT, MET, RET, TEK",6.0,0.12 uM,0.12
ASG002_U251MG_24H:B22,U251MG,ASG002,24 h,ASG002_U251MG_24H_X1_B35:B22,1,trt_cp,nocodazole,,0.0,10 uM,10.0
ASG002_U251MG_24H:B23,U251MG,ASG002,24 h,ASG002_U251MG_24H_X1_B35:B23,1,trt_cp,nocodazole,,0.0,1.11 uM,1.11
ASG002_U251MG_24H:B24,U251MG,ASG002,24 h,ASG002_U251MG_24H_X1_B35:B24,1,trt_cp,nocodazole,,0.0,0.12 uM,0.12
ASG002_U251MG_24H:C01,U251MG,ASG002,24 h,ASG002_U251MG_24H_X1_B35:C01,1,trt_cp,nelfinavir,"CYP1A2, CYP2B6, CYP2C19, CYP2C9, CYP2D6, CYP3A4, CYP3A7",7.0,10 uM,10.0
ASG002_U251MG_24H:C02,U251MG,ASG002,24 h,ASG002_U251MG_24H_X1_B35:C02,1,trt_cp,nelfinavir,"CYP1A2, CYP2B6, CYP2C19, CYP2C9, CYP2D6, CYP3A4, CYP3A7",7.0,1.11 uM,1.11
ASG002_U251MG_24H:C03,U251MG,ASG002,24 h,ASG002_U251MG_24H_X1_B35:C03,1,trt_cp,nelfinavir,"CYP1A2, CYP2B6, CYP2C19, CYP2C9, CYP2D6, CYP3A4, CYP3A7",7.0,0.12 uM,0.12
ASG002_U251MG_24H:C04,U251MG,ASG002,24 h,ASG002_U251MG_24H_X1_B35:C04,1,trt_cp,AG-14361,PARP1,1.0,10 uM,10.0
ASG002_U251MG_24H:C05,U251MG,ASG002,24 h,ASG002_U251MG_24H_X1_B35:C05,1,trt_cp,AG-14361,PARP1,1.0,1.11 uM,1.11
ASG002_U251MG_24H:C06,U251MG,ASG002,24 h,ASG002_U251MG_24H_X1_B35:C06,1,trt_cp,AG-14361,PARP1,1.0,0.08 uM,0.08
ASG002_U251MG_24H:C07,U251MG,ASG002,24 h,ASG002_U251MG_24H_X1_B35:C07,1,trt_cp,PJ-34,,0.0,10 uM,10.0
ASG002_U251MG_24H:C08,U251MG,ASG002,24 h,ASG002_U251MG_24H_X1_B35:C08,1,trt_cp,PJ-34,,0.0,1.11 uM,1.11
ASG002_U251MG_24H:C09,U251MG,ASG002,24 h,ASG002_U251MG_24H_X1_B35:C09,1,trt_cp,PJ-34,,0.0,0.08 uM,0.08
ASG002_U251MG_24H:C10,U251MG,ASG002,24 h,ASG002_U251MG_24H_X1_B35:C10,1,trt_cp,procaterol,ADRB2,1.0,10 uM,10.0
ASG002_U251MG_24H:C11,U251MG,ASG002,24 h,ASG002_U251MG_24H_X1_B35:C11,1,trt_cp,procaterol,ADRB2,1.0,1.11 uM,1.11
ASG002_U251MG_24H:C12,U251MG,ASG002,24 h,ASG002_U251MG_24H_X1_B35:C12,1,trt_cp,procaterol,ADRB2,1.0,0.12 uM,0.12
ASG002_U251MG_24H:C13,U251MG,ASG002,24 h,ASG002_U251MG_24H_X1_B35:C13,1,trt_cp,nutlin-3,MDM2,1.0,10 uM,10.0
ASG002_U251MG_24H:C14,U251MG,ASG002,24 h,ASG002_U251MG_24H_X1_B35:C14,1,trt_cp,nutlin-3,MDM2,1.0,1.11 uM,1.11
ASG002_U251MG_24H:C15,U251MG,ASG002,24 h,ASG002_U251MG_24H_X1_B35:C15,1,trt_cp,nutlin-3,MDM2,1.0,0.12 uM,0.12
ASG002_U251MG_24H:C16,U251MG,ASG002,24 h,ASG002_U251MG_24H_X1_B35:C16,1,trt_cp,NVP-BEZ235,"MTOR, PIK3CA, PIK3CD, PIK3CG",4.0,10 uM,10.0
ASG002_U251MG_24H:C17,U251MG,ASG002,24 h,ASG002_U251MG_24H_X1_B35:C17,1,trt_cp,NVP-BEZ235,"MTOR, PIK3CA, PIK3CD, PIK3CG",4.0,1.11 uM,1.11
ASG002_U251MG_24H:C18,U251MG,ASG002,24 h,ASG002_U251MG_24H_X1_B35:C18,1,trt_cp,NVP-BEZ235,"MTOR, PIK3CA, PIK3CD, PIK3CG",4.0,0.12 uM,0.12
ASG002_U251MG_24H:C19,U251MG,ASG002,24 h,ASG002_U251MG_24H_X1_B35:C19,1,trt_cp,MG-132,PSMB1,1.0,20 uM,20.0
ASG002_U251MG_24H:C20,U251MG,ASG002,24 h,ASG002_U251MG_24H_X1_B35:C20,1,trt_cp,MG-132,PSMB1,1.0,20 uM,20.0
ASG002_U251MG_24H:C21,U251MG,ASG002,24 h,ASG002_U251MG_24H_X1_B35:C21,1,trt_cp,MG-132,PSMB1,1.0,20 uM,20.0
ASG002_U251MG_24H:C22,U251MG,ASG002,24 h,ASG002_U251MG_24H_X1_B35:C22,1,trt_cp,MG-132,PSMB1,1.0,20 uM,20.0
ASG002_U251MG_24H:C23,U251MG,ASG002,24 h,ASG002_U251MG_24H_X1_B35:C23,1,trt_cp,MG-132,PSMB1,1.0,20 uM,20.0
ASG002_U251MG_24H:C24,U251MG,ASG002,24 h,ASG002_U251MG_24H_X1_B35:C24,1,trt_cp,MG-132,PSMB1,1.0,20 uM,20.0
ASG002_U251MG_24H:D01,U251MG,ASG002,24 h,ASG002_U251MG_24H_X1_B35:D01,1,trt_cp,NVP-AUY922,"HSP90AA1, HSP90AB1",2.0,10 uM,10.0
ASG002_U251MG_24H:D02,U251MG,ASG002,24 h,ASG002_U251MG_24H_X1_B35:D02,1,trt_cp,NVP-AUY922,"HSP90AA1, HSP90AB1",2.0,1.11 uM,1.11
ASG002_U251MG_24H:D03,U251MG,ASG002,24 h,ASG002_U251MG_24H_X1_B35:D03,1,trt_cp,NVP-AUY922,"HSP90AA1, HSP90AB1",2.0,0.08 uM,0.08
ASG002_U251MG_24H:D04,U251MG,ASG002,24 h,ASG002_U251MG_24H_X1_B35:D04,1,trt_cp,birinapant,"BIRC2, XIAP",2.0,10 uM,10.0
ASG002_U251MG_24H:D05,U251MG,ASG002,24 h,ASG002_U251MG_24H_X1_B35:D05,1,trt_cp,birinapant,"BIRC2, XIAP",2.0,1.11 uM,1.11
ASG002_U251MG_24H:D06,U251MG,ASG002,24 h,ASG002_U251MG_24H_X1_B35:D06,1,trt_cp,birinapant,"BIRC2, XIAP",2.0,0.12 uM,0.12
ASG002_U251MG_24H:D07,U251MG,ASG002,24 h,ASG002_U251MG_24H_X1_B35:D07,1,trt_cp,gatifloxacin,,0.0,10 uM,10.0
ASG002_U251MG_24H:D08,U251MG,ASG002,24 h,ASG002_U251MG_24H_X1_B35:D08,1,trt_cp,gatifloxacin,,0.0,1.11 uM,1.11
ASG002_U251MG_24H:D09,U251MG,ASG002,24 h,ASG002_U251MG_24H_X1_B35:D09,1,trt_cp,gatifloxacin,,0.0,0.12 uM,0.12
ASG002_U251MG_24H:D10,U251MG,ASG002,24 h,ASG002_U251MG_24H_X1_B35:D10,1,trt_cp,panobinostat,"HDAC1, HDAC2",2.0,10 uM,10.0
ASG002_U251MG_24H:D11,U251MG,ASG002,24 h,ASG002_U251MG_24H_X1_B35:D11,1,trt_cp,panobinostat,"HDAC1, HDAC2",2.0,1.11 uM,1.11
ASG002_U251MG_24H:D12,U251MG,ASG002,24 h,ASG002_U251MG_24H_X1_B35:D12,1,trt_cp,panobinostat,"HDAC1, HDAC2",2.0,0.12 uM,0.12
ASG002_U251MG_24H:D13,U251MG,ASG002,24 h,ASG002_U251MG_24H_X1_B35:D13,1,trt_cp,R-547,,0.0,10 uM,10.0
ASG002_U251MG_24H:D14,U251MG,ASG002,24 h,ASG002_U251MG_24H_X1_B35:D14,1,trt_cp,R-547,,0.0,1.11 uM,1.11
ASG002_U251MG_24H:D15,U251MG,ASG002,24 h,ASG002_U251MG_24H_X1_B35:D15,1,trt_cp,R-547,,0.0,0.12 uM,0.12
ASG002_U251MG_24H:D16,U251MG,ASG002,24 h,ASG002_U251MG_24H_X1_B35:D16,1,trt_cp,oncrasin-1,,0.0,10 uM,10.0
ASG002_U251MG_24H:D17,U251MG,ASG002,24 h,ASG002_U251MG_24H_X1_B35:D17,1,trt_cp,oncrasin-1,,0.0,1.11 uM,1.11
ASG002_U251MG_24H:D18,U251MG,ASG002,24 h,ASG002_U251MG_24H_X1_B35:D18,1,trt_cp,oncrasin-1,,0.0,0.12 uM,0.12
ASG002_U251MG_24H:D19,U251MG,ASG002,24 h,ASG002_U251MG_24H_X1_B35:D19,1,trt_cp,rucaparib,"PARP1, PARP2",2.0,10 uM,10.0
ASG002_U251MG_24H:D20,U251MG,ASG002,24 h,ASG002_U251MG_24H_X1_B35:D20,1,trt_cp,rucaparib,"PARP1, PARP2",2.0,1.11 uM,1.11
ASG002_U251MG_24H:D21,U251MG,ASG002,24 h,ASG002_U251MG_24H_X1_B35:D21,1,trt_cp,rucaparib,"PARP1, PARP2",2.0,0.08 uM,0.08
ASG002_U251MG_24H:D22,U251MG,ASG002,24 h,ASG002_U251MG_24H_X1_B35:D22,1,trt_cp,imatinib,"ABL1, BCR, CSF1R, KIT, PDGFRA, PDGFRB",6.0,10 uM,10.0
ASG002_U251MG_24H:D23,U251MG,ASG002,24 h,ASG002_U251MG_24H_X1_B35:D23,1,trt_cp,imatinib,"ABL1, BCR, CSF1R, KIT, PDGFRA, PDGFRB",6.0,1.11 uM,1.11
ASG002_U251MG_24H:D24,U251MG,ASG002,24 h,ASG002_U251MG_24H_X1_B35:D24,1,trt_cp,imatinib,"ABL1, BCR, CSF1R, KIT, PDGFRA, PDGFRB",6.0,0.12 uM,0.12
ASG002_U251MG_24H:E01,U251MG,ASG002,24 h,ASG002_U251MG_24H_X1_B35:E01,1,trt_cp,BRD-K76674262,,0.0,10 uM,10.0
ASG002_U251MG_24H:E02,U251MG,ASG002,24 h,ASG002_U251MG_24H_X1_B35:E02,1,trt_cp,BRD-K76674262,,0.0,1.11 uM,1.11
ASG002_U251MG_24H:E03,U251MG,ASG002,24 h,ASG002_U251MG_24H_X1_B35:E03,1,trt_cp,BRD-K76674262,,0.0,0.12 uM,0.12
ASG002_U251MG_24H:E04,U251MG,ASG002,24 h,ASG002_U251MG_24H_X1_B35:E04,1,trt_cp,zolpidem,"GABRA1, GABRA2, GABRA3",3.0,10 uM,10.0
ASG002_U251MG_24H:E05,U251MG,ASG002,24 h,ASG002_U251MG_24H_X1_B35:E05,1,trt_cp,zolpidem,"GABRA1, GABRA2, GABRA3",3.0,1.11 uM,1.11
ASG002_U251MG_24H:E06,U251MG,ASG002,24 h,ASG002_U251MG_24H_X1_B35:E06,1,trt_cp,zolpidem,"GABRA1, GABRA2, GABRA3",3.0,0.12 uM,0.12
ASG002_U251MG_24H:E07,U251MG,ASG002,24 h,ASG002_U251MG_24H_X1_B35:E07,1,trt_cp,MG-132,PSMB1,1.0,10 uM,10.0
ASG002_U251MG_24H:E08,U251MG,ASG002,24 h,ASG002_U251MG_24H_X1_B35:E08,1,trt_cp,MG-132,PSMB1,1.0,1.11 uM,1.11
ASG002_U251MG_24H:E09,U251MG,ASG002,24 h,ASG002_U251MG_24H_X1_B35:E09,1,trt_cp,MG-132,PSMB1,1.0,0.12 uM,0.12
ASG002_U251MG_24H:E10,U251MG,ASG002,24 h,ASG002_U251MG_24H_X1_B35:E10,1,trt_cp,anagrelide,PDE3A,1.0,10 uM,10.0
ASG002_U251MG_24H:E11,U251MG,ASG002,24 h,ASG002_U251MG_24H_X1_B35:E11,1,trt_cp,anagrelide,PDE3A,1.0,1.11 uM,1.11
ASG002_U251MG_24H:E12,U251MG,ASG002,24 h,ASG002_U251MG_24H_X1_B35:E12,1,trt_cp,anagrelide,PDE3A,1.0,0.12 uM,0.12
ASG002_U251MG_24H:E13,U251MG,ASG002,24 h,ASG002_U251MG_24H_X1_B35:E13,1,trt_cp,levosulpiride,"DRD2, DRD3",2.0,10 uM,10.0
ASG002_U251MG_24H:E14,U251MG,ASG002,24 h,ASG002_U251MG_24H_X1_B35:E14,1,trt_cp,levosulpiride,"DRD2, DRD3",2.0,1.11 uM,1.11
ASG002_U251MG_24H:E15,U251MG,ASG002,24 h,ASG002_U251MG_24H_X1_B35:E15,1,trt_cp,levosulpiride,"DRD2, DRD3",2.0,0.12 uM,0.12
ASG002_U251MG_24H:E16,U251MG,ASG002,24 h,ASG002_U251MG_24H_X1_B35:E16,1,trt_cp,obatoclax,BCL2,1.0,10 uM,10.0
ASG002_U251MG_24H:E17,U251MG,ASG002,24 h,ASG002_U251MG_24H_X1_B35:E17,1,trt_cp,obatoclax,BCL2,1.0,1.11 uM,1.11
ASG002_U251MG_24H:E18,U251MG,ASG002,24 h,ASG002_U251MG_24H_X1_B35:E18,1,trt_cp,obatoclax,BCL2,1.0,0.12 uM,0.12
ASG002_U251MG_24H:E19,U251MG,ASG002,24 h,ASG002_U251MG_24H_X1_B35:E19,1,trt_cp,masitinib,"FGFR3, KIT, LYN, PDGFRA, PDGFRB",5.0,10 uM,10.0
ASG002_U251MG_24H:E20,U251MG,ASG002,24 h,ASG002_U251MG_24H_X1_B35:E20,1,trt_cp,masitinib,"FGFR3, KIT, LYN, PDGFRA, PDGFRB",5.0,1.11 uM,1.11
ASG002_U251MG_24H:E21,U251MG,ASG002,24 h,ASG002_U251MG_24H_X1_B35:E21,1,trt_cp,masitinib,"FGFR3, KIT, LYN, PDGFRA, PDGFRB",5.0,0.12 uM,0.12
ASG002_U251MG_24H:E22,U251MG,ASG002,24 h,ASG002_U251MG_24H_X1_B35:E22,1,trt_cp,roscovitine,"CDK2, CDK7, CDK9",3.0,10 uM,10.0
ASG002_U251MG_24H:E23,U251MG,ASG002,24 h,ASG002_U251MG_24H_X1_B35:E23,1,trt_cp,roscovitine,"CDK2, CDK7, CDK9",3.0,1.11 uM,1.11
ASG002_U251MG_24H:E24,U251MG,ASG002,24 h,ASG002_U251MG_24H_X1_B35:E24,1,trt_cp,roscovitine,"CDK2, CDK7, CDK9",3.0,0.12 uM,0.12
ASG002_U251MG_24H:F01,U251MG,ASG002,24 h,ASG002_U251MG_24H_X1_B35:F01,1,trt_cp,LY-294002,"MTOR, PIK3CA, PIK3CB, PIK3CD, PIK3CG, PLK1, PRKDC",7.0,10 uM,10.0
ASG002_U251MG_24H:F02,U251MG,ASG002,24 h,ASG002_U251MG_24H_X1_B35:F02,1,trt_cp,LY-294002,"MTOR, PIK3CA, PIK3CB, PIK3CD, PIK3CG, PLK1, PRKDC",7.0,1.11 uM,1.11
ASG002_U251MG_24H:F03,U251MG,ASG002,24 h,ASG002_U251MG_24H_X1_B35:F03,1,trt_cp,LY-294002,"MTOR, PIK3CA, PIK3CB, PIK3CD, PIK3CG, PLK1, PRKDC",7.0,0.12 uM,0.12
ASG002_U251MG_24H:F04,U251MG,ASG002,24 h,ASG002_U251MG_24H_X1_B35:F04,1,trt_cp,alvocidib,"CDK1, CDK2, CDK4, CDK5, CDK6, CDK7, CDK8, CDK9, EGFR, PYGM",10.0,10 uM,10.0
ASG002_U251MG_24H:F05,U251MG,ASG002,24 h,ASG002_U251MG_24H_X1_B35:F05,1,trt_cp,alvocidib,"CDK1, CDK2, CDK4, CDK5, CDK6, CDK7, CDK8, CDK9, EGFR, PYGM",10.0,1.11 uM,1.11
ASG002_U251MG_24H:F06,U251MG,ASG002,24 h,ASG002_U251MG_24H_X1_B35:F06,1,trt_cp,alvocidib,"CDK1, CDK2, CDK4, CDK5, CDK6, CDK7, CDK8, CDK9, EGFR, PYGM",10.0,0.12 uM,0.12
ASG002_U251MG_24H:F07,U251MG,ASG002,24 h,ASG002_U251MG_24H_X1_B35:F07,1,trt_cp,lomerizine,,0.0,10 uM,10.0
ASG002_U251MG_24H:F09,U251MG,ASG002,24 h,ASG002_U251MG_24H_X1_B35:F09,1,trt_cp,lomerizine,,0.0,0.12 uM,0.12
ASG002_U251MG_24H:F10,U251MG,ASG002,24 h,ASG002_U251MG_24H_X1_B35:F10,1,trt_cp,floxuridine,,0.0,10 uM,10.0
ASG002_U251MG_24H:F11,U251MG,ASG002,24 h,ASG002_U251MG_24H_X1_B35:F11,1,trt_cp,floxuridine,,0.0,1.11 uM,1.11
ASG002_U251MG_24H:F12,U251MG,ASG002,24 h,ASG002_U251MG_24H_X1_B35:F12,1,trt_cp,floxuridine,,0.0,0.12 uM,0.12
ASG002_U251MG_24H:F13,U251MG,ASG002,24 h,ASG002_U251MG_24H_X1_B35:F13,1,trt_cp,sorafenib,"BRAF, DDR2, FGFR1, FLT1, FLT3, FLT4, KDR, KIT, PDGFRB, RAF1, RET",11.0,10 uM,10.0
ASG002_U251MG_24H:F14,U251MG,ASG002,24 h,ASG002_U251MG_24H_X1_B35:F14,1,trt_cp,sorafenib,"BRAF, DDR2, FGFR1, FLT1, FLT3, FLT4, KDR, KIT, PDGFRB, RAF1, RET",11.0,1.11 uM,1.11
ASG002_U251MG_24H:F15,U251MG,ASG002,24 h,ASG002_U251MG_24H_X1_B35:F15,1,trt_cp,sorafenib,"BRAF, DDR2, FGFR1, FLT1, FLT3, FLT4, KDR, KIT, PDGFRB, RAF1, RET",11.0,0.12 uM,0.12
ASG002_U251MG_24H:F16,U251MG,ASG002,24 h,ASG002_U251MG_24H_X1_B35:F16,1,trt_cp,gefitinib,EGFR,1.0,10 uM,10.0
ASG002_U251MG_24H:F17,U251MG,ASG002,24 h,ASG002_U251MG_24H_X1_B35:F17,1,trt_cp,gefitinib,EGFR,1.0,1.11 uM,1.11
ASG002_U251MG_24H:F18,U251MG,ASG002,24 h,ASG002_U251MG_24H_X1_B35:F18,1,trt_cp,gefitinib,EGFR,1.0,0.12 uM,0.12
ASG002_U251MG_24H:F19,U251MG,ASG002,24 h,ASG002_U251MG_24H_X1_B35:F19,1,trt_cp,alectinib,ALK,1.0,10 uM,10.0
ASG002_U251MG_24H:F20,U251MG,ASG002,24 h,ASG002_U251MG_24H_X1_B35:F20,1,trt_cp,alectinib,ALK,1.0,1.11 uM,1.11
ASG002_U251MG_24H:F21,U251MG,ASG002,24 h,ASG002_U251MG_24H_X1_B35:F21,1,trt_cp,alectinib,ALK,1.0,0.12 uM,0.12
ASG002_U251MG_24H:F22,U251MG,ASG002,24 h,ASG002_U251MG_24H_X1_B35:F22,1,trt_cp,trifluoperazine,DRD2,1.0,12.5 uM,12.5
ASG002_U251MG_24H:F23,U251MG,ASG002,24 h,ASG002_U251MG_24H_X1_B35:F23,1,trt_cp,trifluoperazine,DRD2,1.0,1.25 uM,1.25
ASG002_U251MG_24H:F24,U251MG,ASG002,24 h,ASG002_U251MG_24H_X1_B35:F24,1,trt_cp,trifluoperazine,DRD2,1.0,0.125 uM,0.125
ASG002_U251MG_24H:G01,U251MG,ASG002,24 h,ASG002_U251MG_24H_X1_B35:G01,1,trt_cp,epirubicin,TOP2A,1.0,10 uM,10.0
ASG002_U251MG_24H:G02,U251MG,ASG002,24 h,ASG002_U251MG_24H_X1_B35:G02,1,trt_cp,epirubicin,TOP2A,1.0,1.11 uM,1.11
ASG002_U251MG_24H:G03,U251MG,ASG002,24 h,ASG002_U251MG_24H_X1_B35:G03,1,trt_cp,epirubicin,TOP2A,1.0,0.12 uM,0.12
ASG002_U251MG_24H:G04,U251MG,ASG002,24 h,ASG002_U251MG_24H_X1_B35:G04,1,trt_cp,axitinib,"FLT1, FLT4, KDR",3.0,10 uM,10.0
ASG002_U251MG_24H:G05,U251MG,ASG002,24 h,ASG002_U251MG_24H_X1_B35:G05,1,trt_cp,axitinib,"FLT1, FLT4, KDR",3.0,1.11 uM,1.11
ASG002_U251MG_24H:G06,U251MG,ASG002,24 h,ASG002_U251MG_24H_X1_B35:G06,1,trt_cp,axitinib,"FLT1, FLT4, KDR",3.0,0.12 uM,0.12
ASG002_U251MG_24H:G07,U251MG,ASG002,24 h,ASG002_U251MG_24H_X1_B35:G07,1,trt_cp,trametinib,"MAP2K1, MAP2K2",2.0,10 uM,10.0
ASG002_U251MG_24H:G08,U251MG,ASG002,24 h,ASG002_U251MG_24H_X1_B35:G08,1,trt_cp,trametinib,"MAP2K1, MAP2K2",2.0,1.11 uM,1.11
ASG002_U251MG_24H:G09,U251MG,ASG002,24 h,ASG002_U251MG_24H_X1_B35:G09,1,trt_cp,trametinib,"MAP2K1, MAP2K2",2.0,0.12 uM,0.12
ASG002_U251MG_24H:G10,U251MG,ASG002,24 h,ASG002_U251MG_24H_X1_B35:G10,1,trt_cp,tamibarotene,"RARA, RARB",2.0,10 uM,10.0
ASG002_U251MG_24H:G11,U251MG,ASG002,24 h,ASG002_U251MG_24H_X1_B35:G11,1,trt_cp,tamibarotene,"RARA, RARB",2.0,1.11 uM,1.11
ASG002_U251MG_24H:G12,U251MG,ASG002,24 h,ASG002_U251MG_24H_X1_B35:G12,1,trt_cp,tamibarotene,"RARA, RARB",2.0,0.12 uM,0.12
ASG002_U251MG_24H:G13,U251MG,ASG002,24 h,ASG002_U251MG_24H_X1_B35:G13,1,trt_cp,vorinostat,"HDAC1, HDAC2, HDAC3, HDAC6, HDAC8",5.0,10 uM,10.0
ASG002_U251MG_24H:G14,U251MG,ASG002,24 h,ASG002_U251MG_24H_X1_B35:G14,1,trt_cp,vorinostat,"HDAC1, HDAC2, HDAC3, HDAC6, HDAC8",5.0,1.11 uM,1.11
ASG002_U251MG_24H:G15,U251MG,ASG002,24 h,ASG002_U251MG_24H_X1_B35:G15,1,trt_cp,vorinostat,"HDAC1, HDAC2, HDAC3, HDAC6, HDAC8",5.0,0.12 uM,0.12
ASG002_U251MG_24H:G16,U251MG,ASG002,24 h,ASG002_U251MG_24H_X1_B35:G16,1,trt_cp,tandutinib,"FLT3, KIT, PDGFRA, PDGFRB",4.0,10 uM,10.0
ASG002_U251MG_24H:G17,U251MG,ASG002,24 h,ASG002_U251MG_24H_X1_B35:G17,1,trt_cp,tandutinib,"FLT3, KIT, PDGFRA, PDGFRB",4.0,1.11 uM,1.11
ASG002_U251MG_24H:G18,U251MG,ASG002,24 h,ASG002_U251MG_24H_X1_B35:G18,1,trt_cp,tandutinib,"FLT3, KIT, PDGFRA, PDGFRB",4.0,0.08 uM,0.08
ASG002_U251MG_24H:G19,U251MG,ASG002,24 h,ASG002_U251MG_24H_X1_B35:G19,1,trt_cp,chelidonine,,0.0,6.66 uM,6.66
ASG002_U251MG_24H:G20,U251MG,ASG002,24 h,ASG002_U251MG_24H_X1_B35:G20,1,trt_cp,chelidonine,,0.0,0.5 uM,0.5
ASG002_U251MG_24H:G21,U251MG,ASG002,24 h,ASG002_U251MG_24H_X1_B35:G21,1,trt_cp,chelidonine,,0.0,0.05 uM,0.05
ASG002_U251MG_24H:G22,U251MG,ASG002,24 h,ASG002_U251MG_24H_X1_B35:G22,1,trt_cp,entinostat,HDAC1,1.0,10 uM,10.0
ASG002_U251MG_24H:G23,U251MG,ASG002,24 h,ASG002_U251MG_24H_X1_B35:G23,1,trt_cp,entinostat,HDAC1,1.0,1.11 uM,1.11
ASG002_U251MG_24H:G24,U251MG,ASG002,24 h,ASG002_U251MG_24H_X1_B35:G24,1,trt_cp,entinostat,HDAC1,1.0,0.12 uM,0.12
ASG002_U251MG_24H:H01,U251MG,ASG002,24 h,ASG002_U251MG_24H_X1_B35:H01,1,trt_cp,BI-2536,PLK1,1.0,10 uM,10.0
ASG002_U251MG_24H:H02,U251MG,ASG002,24 h,ASG002_U251MG_24H_X1_B35:H02,1,trt_cp,BI-2536,PLK1,1.0,1.11 uM,1.11
ASG002_U251MG_24H:H03,U251MG,ASG002,24 h,ASG002_U251MG_24H_X1_B35:H03,1,trt_cp,BI-2536,PLK1,1.0,0.12 uM,0.12
ASG002_U251MG_24H:H04,U251MG,ASG002,24 h,ASG002_U251MG_24H_X1_B35:H04,1,trt_cp,olaparib,"PARP1, PARP2",2.0,10 uM,10.0
ASG002_U251MG_24H:H05,U251MG,ASG002,24 h,ASG002_U251MG_24H_X1_B35:H05,1,trt_cp,olaparib,"PARP1, PARP2",2.0,1.11 uM,1.11
ASG002_U251MG_24H:H06,U251MG,ASG002,24 h,ASG002_U251MG_24H_X1_B35:H06,1,trt_cp,olaparib,"PARP1, PARP2",2.0,0.12 uM,0.12
ASG002_U251MG_24H:H07,U251MG,ASG002,24 h,ASG002_U251MG_24H_X1_B35:H07,1,trt_cp,camptothecin,TOP1,1.0,10 uM,10.0
ASG002_U251MG_24H:H08,U251MG,ASG002,24 h,ASG002_U251MG_24H_X1_B35:H08,1,trt_cp,camptothecin,TOP1,1.0,1.11 uM,1.11
ASG002_U251MG_24H:H09,U251MG,ASG002,24 h,ASG002_U251MG_24H_X1_B35:H09,1,trt_cp,camptothecin,TOP1,1.0,0.12 uM,0.12
ASG002_U251MG_24H:H10,U251MG,ASG002,24 h,ASG002_U251MG_24H_X1_B35:H10,1,trt_cp,digoxin,ATP1A1,1.0,10 uM,10.0
ASG002_U251MG_24H:H11,U251MG,ASG002,24 h,ASG002_U251MG_24H_X1_B35:H11,1,trt_cp,digoxin,ATP1A1,1.0,1.11 uM,1.11
ASG002_U251MG_24H:H12,U251MG,ASG002,24 h,ASG002_U251MG_24H_X1_B35:H12,1,trt_cp,digoxin,ATP1A1,1.0,0.12 uM,0.12
ASG002_U251MG_24H:H13,U251MG,ASG002,24 h,ASG002_U251MG_24H_X1_B35:H13,1,trt_cp,fostamatinib,SYK,1.0,10 uM,10.0
ASG002_U251MG_24H:H14,U251MG,ASG002,24 h,ASG002_U251MG_24H_X1_B35:H14,1,trt_cp,fostamatinib,SYK,1.0,1.11 uM,1.11
ASG002_U251MG_24H:H15,U251MG,ASG002,24 h,ASG002_U251MG_24H_X1_B35:H15,1,trt_cp,fostamatinib,SYK,1.0,0.12 uM,0.12
ASG002_U251MG_24H:H17,U251MG,ASG002,24 h,ASG002_U251MG_24H_X1_B35:H17,1,trt_cp,erlotinib,EGFR,1.0,1.11 uM,1.11
ASG002_U251MG_24H:H18,U251MG,ASG002,24 h,ASG002_U251MG_24H_X1_B35:H18,1,trt_cp,erlotinib,EGFR,1.0,0.12 uM,0.12
ASG002_U251MG_24H:H19,U251MG,ASG002,24 h,ASG002_U251MG_24H_X1_B35:H19,1,trt_cp,ABT-737,"BCL2, BCL2L1, BCL2L2",3.0,10 uM,10.0
ASG002_U251MG_24H:H21,U251MG,ASG002,24 h,ASG002_U251MG_24H_X1_B35:H21,1,trt_cp,ABT-737,"BCL2, BCL2L1, BCL2L2",3.0,0.12 uM,0.12
ASG002_U251MG_24H:H22,U251MG,ASG002,24 h,ASG002_U251MG_24H_X1_B35:H22,1,trt_cp,YM-155,BIRC5,1.0,10 uM,10.0
ASG002_U251MG_24H:I01,U251MG,ASG002,24 h,ASG002_U251MG_24H_X1_B35:I01,1,trt_cp,equilin,HSD17B1,1.0,10 uM,10.0
ASG002_U251MG_24H:I02,U251MG,ASG002,24 h,ASG002_U251MG_24H_X1_B35:I02,1,trt_cp,equilin,HSD17B1,1.0,1.11 uM,1.11
ASG002_U251MG_24H:I03,U251MG,ASG002,24 h,ASG002_U251MG_24H_X1_B35:I03,1,trt_cp,equilin,HSD17B1,1.0,0.12 uM,0.12
ASG002_U251MG_24H:I04,U251MG,ASG002,24 h,ASG002_U251MG_24H_X1_B35:I04,1,trt_cp,daunorubicin,TOP2A,1.0,10 uM,10.0
ASG002_U251MG_24H:I05,U251MG,ASG002,24 h,ASG002_U251MG_24H_X1_B35:I05,1,trt_cp,daunorubicin,TOP2A,1.0,1.11 uM,1.11
ASG002_U251MG_24H:I06,U251MG,ASG002,24 h,ASG002_U251MG_24H_X1_B35:I06,1,trt_cp,daunorubicin,TOP2A,1.0,0.12 uM,0.12
ASG002_U251MG_24H:I08,U251MG,ASG002,24 h,ASG002_U251MG_24H_X1_B35:I08,1,trt_cp,dasatinib,"ABL1, BCR, EPHA2, FYN, KIT, LCK, LYN, PDGFRB, SRC, YES1",10.0,1.11 uM,1.11
ASG002_U251MG_24H:I09,U251MG,ASG002,24 h,ASG002_U251MG_24H_X1_B35:I09,1,trt_cp,dasatinib,"ABL1, BCR, EPHA2, FYN, KIT, LCK, LYN, PDGFRB, SRC, YES1",10.0,0.12 uM,0.12
ASG002_U251MG_24H:I10,U251MG,ASG002,24 h,ASG002_U251MG_24H_X1_B35:I10,1,trt_cp,orciprenaline,ADRB2,1.0,10 uM,10.0
ASG002_U251MG_24H:I11,U251MG,ASG002,24 h,ASG002_U251MG_24H_X1_B35:I11,1,trt_cp,orciprenaline,ADRB2,1.0,1.11 uM,1.11
ASG002_U251MG_24H:I12,U251MG,ASG002,24 h,ASG002_U251MG_24H_X1_B35:I12,1,trt_cp,orciprenaline,ADRB2,1.0,0.12 uM,0.12
ASG002_U251MG_24H:I13,U251MG,ASG002,24 h,ASG002_U251MG_24H_X1_B35:I13,1,trt_cp,lapatinib,"EGFR, ERBB2",2.0,10 uM,10.0
ASG002_U251MG_24H:I14,U251MG,ASG002,24 h,ASG002_U251MG_24H_X1_B35:I14,1,trt_cp,lapatinib,"EGFR, ERBB2",2.0,1.11 uM,1.11
ASG002_U251MG_24H:I15,U251MG,ASG002,24 h,ASG002_U251MG_24H_X1_B35:I15,1,trt_cp,lapatinib,"EGFR, ERBB2",2.0,0.12 uM,0.12
ASG002_U251MG_24H:I16,U251MG,ASG002,24 h,ASG002_U251MG_24H_X1_B35:I16,1,trt_cp,AM-580,RARA,1.0,10 uM,10.0
ASG002_U251MG_24H:I17,U251MG,ASG002,24 h,ASG002_U251MG_24H_X1_B35:I17,1,trt_cp,AM-580,RARA,1.0,1.11 uM,1.11
ASG002_U251MG_24H:I18,U251MG,ASG002,24 h,ASG002_U251MG_24H_X1_B35:I18,1,trt_cp,AM-580,RARA,1.0,0.12 uM,0.12
ASG002_U251MG_24H:I19,U251MG,ASG002,24 h,ASG002_U251MG_24H_X1_B35:I19,1,trt_cp,ponatinib,"ABL1, BCR, FGFR1, FGFR2, FGFR3, FGFR4, FLT3, KIT, RET, TEK",10.0,10 uM,10.0
ASG002_U251MG_24H:I20,U251MG,ASG002,24 h,ASG002_U251MG_24H_X1_B35:I20,1,trt_cp,ponatinib,"ABL1, BCR, FGFR1, FGFR2, FGFR3, FGFR4, FLT3, KIT, RET, TEK",10.0,1.11 uM,1.11
ASG002_U251MG_24H:I21,U251MG,ASG002,24 h,ASG002_U251MG_24H_X1_B35:I21,1,trt_cp,ponatinib,"ABL1, BCR, FGFR1, FGFR2, FGFR3, FGFR4, FLT3, KIT, RET, TEK",10.0,0.12 uM,0.12
ASG002_U251MG_24H:I22,U251MG,ASG002,24 h,ASG002_U251MG_24H_X1_B35:I22,1,trt_cp,CGS-21680,"ADORA1, ADORA2A",2.0,10 uM,10.0
ASG002_U251MG_24H:I23,U251MG,ASG002,24 h,ASG002_U251MG_24H_X1_B35:I23,1,trt_cp,CGS-21680,"ADORA1, ADORA2A",2.0,1.11 uM,1.11
ASG002_U251MG_24H:I24,U251MG,ASG002,24 h,ASG002_U251MG_24H_X1_B35:I24,1,trt_cp,CGS-21680,"ADORA1, ADORA2A",2.0,0.12 uM,0.12
ASG002_U251MG_24H:J01,U251MG,ASG002,24 h,ASG002_U251MG_24H_X1_B35:J01,1,trt_cp,GDC-0199,,0.0,10 uM,10.0
ASG002_U251MG_24H:J02,U251MG,ASG002,24 h,ASG002_U251MG_24H_X1_B35:J02,1,trt_cp,GDC-0199,,0.0,1.11 uM,1.11
ASG002_U251MG_24H:J03,U251MG,ASG002,24 h,ASG002_U251MG_24H_X1_B35:J03,1,trt_cp,GDC-0199,,0.0,0.12 uM,0.12
ASG002_U251MG_24H:J04,U251MG,ASG002,24 h,ASG002_U251MG_24H_X1_B35:J04,1,trt_cp,selumetinib,MAP2K1,1.0,10 uM,10.0
ASG002_U251MG_24H:J05,U251MG,ASG002,24 h,ASG002_U251MG_24H_X1_B35:J05,1,trt_cp,selumetinib,MAP2K1,1.0,1.11 uM,1.11
ASG002_U251MG_24H:J06,U251MG,ASG002,24 h,ASG002_U251MG_24H_X1_B35:J06,1,trt_cp,selumetinib,MAP2K1,1.0,0.12 uM,0.12
ASG002_U251MG_24H:J07,U251MG,ASG002,24 h,ASG002_U251MG_24H_X1_B35:J07,1,trt_cp,lopinavir,,0.0,10 uM,10.0
ASG002_U251MG_24H:J08,U251MG,ASG002,24 h,ASG002_U251MG_24H_X1_B35:J08,1,trt_cp,lopinavir,,0.0,1.11 uM,1.11
ASG002_U251MG_24H:J09,U251MG,ASG002,24 h,ASG002_U251MG_24H_X1_B35:J09,1,trt_cp,lopinavir,,0.0,0.12 uM,0.12
ASG002_U251MG_24H:J10,U251MG,ASG002,24 h,ASG002_U251MG_24H_X1_B35:J10,1,trt_cp,tozasertib,"ABL1, AURKA, AURKB, AURKC, BCR, FLT3, JAK2",7.0,10 uM,10.0
ASG002_U251MG_24H:J11,U251MG,ASG002,24 h,ASG002_U251MG_24H_X1_B35:J11,1,trt_cp,tozasertib,"ABL1, AURKA, AURKB, AURKC, BCR, FLT3, JAK2",7.0,1.11 uM,1.11
ASG002_U251MG_24H:J12,U251MG,ASG002,24 h,ASG002_U251MG_24H_X1_B35:J12,1,trt_cp,tozasertib,"ABL1, AURKA, AURKB, AURKC, BCR, FLT3, JAK2",7.0,0.12 uM,0.12
ASG002_U251MG_24H:J19,U251MG,ASG002,24 h,ASG002_U251MG_24H_X1_B35:J19,1,trt_cp,AZ-628,"BRAF, RAF1",2.0,10 uM,10.0
ASG002_U251MG_24H:J20,U251MG,ASG002,24 h,ASG002_U251MG_24H_X1_B35:J20,1,trt_cp,AZ-628,"BRAF, RAF1",2.0,1.11 uM,1.11
ASG002_U251MG_24H:J21,U251MG,ASG002,24 h,ASG002_U251MG_24H_X1_B35:J21,1,trt_cp,AZ-628,"BRAF, RAF1",2.0,0.12 uM,0.12
ASG002_U251MG_24H:J22,U251MG,ASG002,24 h,ASG002_U251MG_24H_X1_B35:J22,1,trt_cp,ibrutinib,BTK,1.0,10 uM,10.0
ASG002_U251MG_24H:J23,U251MG,ASG002,24 h,ASG002_U251MG_24H_X1_B35:J23,1,trt_cp,ibrutinib,BTK,1.0,1.11 uM,1.11
ASG002_U251MG_24H:J24,U251MG,ASG002,24 h,ASG002_U251MG_24H_X1_B35:J24,1,trt_cp,ibrutinib,BTK,1.0,0.12 uM,0.12
ASG002_U251MG_24H:K02,U251MG,ASG002,24 h,ASG002_U251MG_24H_X1_B35:K02,1,trt_cp,ceritinib,ALK,1.0,1.11 uM,1.11
ASG002_U251MG_24H:K03,U251MG,ASG002,24 h,ASG002_U251MG_24H_X1_B35:K03,1,trt_cp,ceritinib,ALK,1.0,0.12 uM,0.12
ASG002_U251MG_24H:K04,U251MG,ASG002,24 h,ASG002_U251MG_24H_X1_B35:K04,1,trt_cp,quizartinib,"CSF1R, FLT3, KIT, RET",4.0,10 uM,10.0
ASG002_U251MG_24H:K05,U251MG,ASG002,24 h,ASG002_U251MG_24H_X1_B35:K05,1,trt_cp,quizartinib,"CSF1R, FLT3, KIT, RET",4.0,1.11 uM,1.11
ASG002_U251MG_24H:K06,U251MG,ASG002,24 h,ASG002_U251MG_24H_X1_B35:K06,1,trt_cp,quizartinib,"CSF1R, FLT3, KIT, RET",4.0,0.12 uM,0.12
ASG002_U251MG_24H:K07,U251MG,ASG002,24 h,ASG002_U251MG_24H_X1_B35:K07,1,trt_cp,bortezomib,"PSMB1, PSMB2, PSMB5",3.0,20 uM,20.0
ASG002_U251MG_24H:K08,U251MG,ASG002,24 h,ASG002_U251MG_24H_X1_B35:K08,1,trt_cp,bortezomib,"PSMB1, PSMB2, PSMB5",3.0,20 uM,20.0
ASG002_U251MG_24H:K09,U251MG,ASG002,24 h,ASG002_U251MG_24H_X1_B35:K09,1,trt_cp,bortezomib,"PSMB1, PSMB2, PSMB5",3.0,20 uM,20.0
ASG002_U251MG_24H:K10,U251MG,ASG002,24 h,ASG002_U251MG_24H_X1_B35:K10,1,trt_cp,bortezomib,"PSMB1, PSMB2, PSMB5",3.0,20 uM,20.0
ASG002_U251MG_24H:K11,U251MG,ASG002,24 h,ASG002_U251MG_24H_X1_B35:K11,1,trt_cp,bortezomib,"PSMB1, PSMB2, PSMB5",3.0,20 uM,20.0
ASG002_U251MG_24H:K12,U251MG,ASG002,24 h,ASG002_U251MG_24H_X1_B35:K12,1,trt_cp,bortezomib,"PSMB1, PSMB2, PSMB5",3.0,20 uM,20.0
ASG002_U251MG_24H:K13,U251MG,ASG002,24 h,ASG002_U251MG_24H_X1_B35:K13,1,trt_cp,BRD-K63750851,,0.0,10 uM,10.0
ASG002_U251MG_24H:K14,U251MG,ASG002,24 h,ASG002_U251MG_24H_X1_B35:K14,1,trt_cp,BRD-K63750851,,0.0,1.11 uM,1.11
ASG002_U251MG_24H:K15,U251MG,ASG002,24 h,ASG002_U251MG_24H_X1_B35:K15,1,trt_cp,BRD-K63750851,,0.0,0.12 uM,0.12
ASG002_U251MG_24H:K16,U251MG,ASG002,24 h,ASG002_U251MG_24H_X1_B35:K16,1,trt_cp,fludarabine,RRM1,1.0,10 uM,10.0
ASG002_U251MG_24H:K17,U251MG,ASG002,24 h,ASG002_U251MG_24H_X1_B35:K17,1,trt_cp,fludarabine,RRM1,1.0,1.11 uM,1.11
ASG002_U251MG_24H:K18,U251MG,ASG002,24 h,ASG002_U251MG_24H_X1_B35:K18,1,trt_cp,fludarabine,RRM1,1.0,0.12 uM,0.12
ASG002_U251MG_24H:K19,U251MG,ASG002,24 h,ASG002_U251MG_24H_X1_B35:K19,1,trt_cp,anguidine,SLC5A1,1.0,10 uM,10.0
ASG002_U251MG_24H:K20,U251MG,ASG002,24 h,ASG002_U251MG_24H_X1_B35:K20,1,trt_cp,anguidine,SLC5A1,1.0,1.11 uM,1.11
ASG002_U251MG_24H:K21,U251MG,ASG002,24 h,ASG002_U251MG_24H_X1_B35:K21,1,trt_cp,anguidine,SLC5A1,1.0,0.12 uM,0.12
ASG002_U251MG_24H:K22,U251MG,ASG002,24 h,ASG002_U251MG_24H_X1_B35:K22,1,trt_cp,dabrafenib,BRAF,1.0,10 uM,10.0
ASG002_U251MG_24H:K23,U251MG,ASG002,24 h,ASG002_U251MG_24H_X1_B35:K23,1,trt_cp,dabrafenib,BRAF,1.0,1.11 uM,1.11
ASG002_U251MG_24H:K24,U251MG,ASG002,24 h,ASG002_U251MG_24H_X1_B35:K24,1,trt_cp,dabrafenib,BRAF,1.0,0.12 uM,0.12
ASG002_U251MG_24H:L01,U251MG,ASG002,24 h,ASG002_U251MG_24H_X1_B35:L01,1,trt_cp,PHA-793887,"CDK1, CDK2, CDK4, CDK5, CDK7, CDK9",6.0,10 uM,10.0
ASG002_U251MG_24H:L02,U251MG,ASG002,24 h,ASG002_U251MG_24H_X1_B35:L02,1,trt_cp,PHA-793887,"CDK1, CDK2, CDK4, CDK5, CDK7, CDK9",6.0,1.11 uM,1.11
ASG002_U251MG_24H:L03,U251MG,ASG002,24 h,ASG002_U251MG_24H_X1_B35:L03,1,trt_cp,PHA-793887,"CDK1, CDK2, CDK4, CDK5, CDK7, CDK9",6.0,0.12 uM,0.12
ASG002_U251MG_24H:L04,U251MG,ASG002,24 h,ASG002_U251MG_24H_X1_B35:L04,1,trt_cp,KW-2478,,0.0,10 uM,10.0
ASG002_U251MG_24H:L05,U251MG,ASG002,24 h,ASG002_U251MG_24H_X1_B35:L05,1,trt_cp,KW-2478,,0.0,1.11 uM,1.11
ASG002_U251MG_24H:L06,U251MG,ASG002,24 h,ASG002_U251MG_24H_X1_B35:L06,1,trt_cp,KW-2478,,0.0,0.12 uM,0.12
ASG002_U251MG_24H:L07,U251MG,ASG002,24 h,ASG002_U251MG_24H_X1_B35:L07,1,trt_cp,KU-0063794,MTOR,1.0,10 uM,10.0
ASG002_U251MG_24H:L08,U251MG,ASG002,24 h,ASG002_U251MG_24H_X1_B35:L08,1,trt_cp,KU-0063794,MTOR,1.0,1.11 uM,1.11
ASG002_U251MG_24H:L09,U251MG,ASG002,24 h,ASG002_U251MG_24H_X1_B35:L09,1,trt_cp,KU-0063794,MTOR,1.0,0.12 uM,0.12
ASG002_U251MG_24H:L10,U251MG,ASG002,24 h,ASG002_U251MG_24H_X1_B35:L10,1,trt_cp,barasertib-HQPA,AURKB,1.0,10 uM,10.0
ASG002_U251MG_24H:L11,U251MG,ASG002,24 h,ASG002_U251MG_24H_X1_B35:L11,1,trt_cp,barasertib-HQPA,AURKB,1.0,1.11 uM,1.11
ASG002_U251MG_24H:L12,U251MG,ASG002,24 h,ASG002_U251MG_24H_X1_B35:L12,1,trt_cp,barasertib-HQPA,AURKB,1.0,0.12 uM,0.12
ASG002_U251MG_24H:L13,U251MG,ASG002,24 h,ASG002_U251MG_24H_X1_B35:L13,1,trt_cp,moxifloxacin,,0.0,10 uM,10.0
ASG002_U251MG_24H:L14,U251MG,ASG002,24 h,ASG002_U251MG_24H_X1_B35:L14,1,trt_cp,moxifloxacin,,0.0,1.11 uM,1.11
ASG002_U251MG_24H:L15,U251MG,ASG002,24 h,ASG002_U251MG_24H_X1_B35:L15,1,trt_cp,moxifloxacin,,0.0,0.12 uM,0.12
ASG002_U251MG_24H:L16,U251MG,ASG002,24 h,ASG002_U251MG_24H_X1_B35:L16,1,trt_cp,estradiol-cypionate,ESR1,1.0,10 uM,10.0
ASG002_U251MG_24H:L17,U251MG,ASG002,24 h,ASG002_U251MG_24H_X1_B35:L17,1,trt_cp,estradiol-cypionate,ESR1,1.0,1.11 uM,1.11
ASG002_U251MG_24H:L18,U251MG,ASG002,24 h,ASG002_U251MG_24H_X1_B35:L18,1,trt_cp,estradiol-cypionate,ESR1,1.0,0.12 uM,0.12
ASG002_U251MG_24H:L19,U251MG,ASG002,24 h,ASG002_U251MG_24H_X1_B35:L19,1,trt_cp,simvastatin,HMGCR,1.0,10 uM,10.0
ASG002_U251MG_24H:L20,U251MG,ASG002,24 h,ASG002_U251MG_24H_X1_B35:L20,1,trt_cp,simvastatin,HMGCR,1.0,1.11 uM,1.11
ASG002_U251MG_24H:L21,U251MG,ASG002,24 h,ASG002_U251MG_24H_X1_B35:L21,1,trt_cp,simvastatin,HMGCR,1.0,0.12 uM,0.12
ASG002_U251MG_24H:L22,U251MG,ASG002,24 h,ASG002_U251MG_24H_X1_B35:L22,1,trt_cp,azathioprine,PPAT,1.0,10 uM,10.0
ASG002_U251MG_24H:L23,U251MG,ASG002,24 h,ASG002_U251MG_24H_X1_B35:L23,1,trt_cp,azathioprine,PPAT,1.0,1.11 uM,1.11
ASG002_U251MG_24H:L24,U251MG,ASG002,24 h,ASG002_U251MG_24H_X1_B35:L24,1,trt_cp,azathioprine,PPAT,1.0,0.12 uM,0.12
ASG002_U251MG_24H:M01,U251MG,ASG002,24 h,ASG002_U251MG_24H_X1_B35:M01,1,trt_cp,amlodipine,"CACNA1C, CACNA1D, CACNA1S, CACNA2D1",4.0,10 uM,10.0
ASG002_U251MG_24H:M02,U251MG,ASG002,24 h,ASG002_U251MG_24H_X1_B35:M02,1,trt_cp,amlodipine,"CACNA1C, CACNA1D, CACNA1S, CACNA2D1",4.0,1.11 uM,1.11
ASG002_U251MG_24H:M03,U251MG,ASG002,24 h,ASG002_U251MG_24H_X1_B35:M03,1,trt_cp,amlodipine,"CACNA1C, CACNA1D, CACNA1S, CACNA2D1",4.0,0.12 uM,0.12
ASG002_U251MG_24H:M04,U251MG,ASG002,24 h,ASG002_U251MG_24H_X1_B35:M04,1,trt_cp,atorvastatin,"DPP4, HMGCR",2.0,10 uM,10.0
ASG002_U251MG_24H:M05,U251MG,ASG002,24 h,ASG002_U251MG_24H_X1_B35:M05,1,trt_cp,atorvastatin,"DPP4, HMGCR",2.0,1.11 uM,1.11
ASG002_U251MG_24H:M06,U251MG,ASG002,24 h,ASG002_U251MG_24H_X1_B35:M06,1,trt_cp,atorvastatin,"DPP4, HMGCR",2.0,0.12 uM,0.12
ASG002_U251MG_24H:M07,U251MG,ASG002,24 h,ASG002_U251MG_24H_X1_B35:M07,1,trt_cp,vemurafenib,BRAF,1.0,10 uM,10.0
ASG002_U251MG_24H:M08,U251MG,ASG002,24 h,ASG002_U251MG_24H_X1_B35:M08,1,trt_cp,vemurafenib,BRAF,1.0,1.11 uM,1.11
ASG002_U251MG_24H:M09,U251MG,ASG002,24 h,ASG002_U251MG_24H_X1_B35:M09,1,trt_cp,vemurafenib,BRAF,1.0,0.12 uM,0.12
ASG002_U251MG_24H:M10,U251MG,ASG002,24 h,ASG002_U251MG_24H_X1_B35:M10,1,trt_cp,marbofloxacin,,0.0,10 uM,10.0
ASG002_U251MG_24H:M11,U251MG,ASG002,24 h,ASG002_U251MG_24H_X1_B35:M11,1,trt_cp,marbofloxacin,,0.0,1.11 uM,1.11
ASG002_U251MG_24H:M12,U251MG,ASG002,24 h,ASG002_U251MG_24H_X1_B35:M12,1,trt_cp,marbofloxacin,,0.0,0.12 uM,0.12
ASG002_U251MG_24H:M13,U251MG,ASG002,24 h,ASG002_U251MG_24H_X1_B35:M13,1,trt_cp,mitomycin-c,,0.0,10 uM,10.0
ASG002_U251MG_24H:M14,U251MG,ASG002,24 h,ASG002_U251MG_24H_X1_B35:M14,1,trt_cp,mitomycin-c,,0.0,1.11 uM,1.11
ASG002_U251MG_24H:M15,U251MG,ASG002,24 h,ASG002_U251MG_24H_X1_B35:M15,1,trt_cp,mitomycin-c,,0.0,0.12 uM,0.12
ASG002_U251MG_24H:M16,U251MG,ASG002,24 h,ASG002_U251MG_24H_X1_B35:M16,1,trt_cp,BRD-K20986251,,0.0,10 uM,10.0
ASG002_U251MG_24H:M17,U251MG,ASG002,24 h,ASG002_U251MG_24H_X1_B35:M17,1,trt_cp,BRD-K20986251,,0.0,1.11 uM,1.11
ASG002_U251MG_24H:M18,U251MG,ASG002,24 h,ASG002_U251MG_24H_X1_B35:M18,1,trt_cp,BRD-K20986251,,0.0,0.12 uM,0.12
ASG002_U251MG_24H:M19,U251MG,ASG002,24 h,ASG002_U251MG_24H_X1_B35:M19,1,trt_cp,thioridazine,"DRD1, DRD2, HTR2A, HTR2C",4.0,10 uM,10.0
ASG002_U251MG_24H:M20,U251MG,ASG002,24 h,ASG002_U251MG_24H_X1_B35:M20,1,trt_cp,thioridazine,"DRD1, DRD2, HTR2A, HTR2C",4.0,1.11 uM,1.11
ASG002_U251MG_24H:M21,U251MG,ASG002,24 h,ASG002_U251MG_24H_X1_B35:M21,1,trt_cp,thioridazine,"DRD1, DRD2, HTR2A, HTR2C",4.0,0.12 uM,0.12
ASG002_U251MG_24H:M22,U251MG,ASG002,24 h,ASG002_U251MG_24H_X1_B35:M22,1,trt_cp,dienestrol,ESR1,1.0,10 uM,10.0
ASG002_U251MG_24H:M23,U251MG,ASG002,24 h,ASG002_U251MG_24H_X1_B35:M23,1,trt_cp,dienestrol,ESR1,1.0,1.11 uM,1.11
ASG002_U251MG_24H:M24,U251MG,ASG002,24 h,ASG002_U251MG_24H_X1_B35:M24,1,trt_cp,dienestrol,ESR1,1.0,0.12 uM,0.12
ASG002_U251MG_24H:N01,U251MG,ASG002,24 h,ASG002_U251MG_24H_X1_B35:N01,1,trt_cp,troglitazone,PPARG,1.0,10 uM,10.0
ASG002_U251MG_24H:N02,U251MG,ASG002,24 h,ASG002_U251MG_24H_X1_B35:N02,1,trt_cp,troglitazone,PPARG,1.0,1.11 uM,1.11
ASG002_U251MG_24H:N03,U251MG,ASG002,24 h,ASG002_U251MG_24H_X1_B35:N03,1,trt_cp,troglitazone,PPARG,1.0,0.12 uM,0.12
ASG002_U251MG_24H:N04,U251MG,ASG002,24 h,ASG002_U251MG_24H_X1_B35:N04,1,trt_cp,BRD-K61033289,,0.0,10 uM,10.0
ASG002_U251MG_24H:N05,U251MG,ASG002,24 h,ASG002_U251MG_24H_X1_B35:N05,1,trt_cp,BRD-K61033289,,0.0,1.11 uM,1.11
ASG002_U251MG_24H:N06,U251MG,ASG002,24 h,ASG002_U251MG_24H_X1_B35:N06,1,trt_cp,BRD-K61033289,,0.0,0.12 uM,0.12
ASG002_U251MG_24H:N07,U251MG,ASG002,24 h,ASG002_U251MG_24H_X1_B35:N07,1,trt_cp,AZD-5363,,0.0,10 uM,10.0
ASG002_U251MG_24H:N08,U251MG,ASG002,24 h,ASG002_U251MG_24H_X1_B35:N08,1,trt_cp,AZD-5363,,0.0,1.11 uM,1.11
ASG002_U251MG_24H:N09,U251MG,ASG002,24 h,ASG002_U251MG_24H_X1_B35:N09,1,trt_cp,AZD-5363,,0.0,0.12 uM,0.12
ASG002_U251MG_24H:N10,U251MG,ASG002,24 h,ASG002_U251MG_24H_X1_B35:N10,1,trt_cp,CV-1808,ADORA2A,1.0,10 uM,10.0
ASG002_U251MG_24H:N11,U251MG,ASG002,24 h,ASG002_U251MG_24H_X1_B35:N11,1,trt_cp,CV-1808,ADORA2A,1.0,1.11 uM,1.11
ASG002_U251MG_24H:N12,U251MG,ASG002,24 h,ASG002_U251MG_24H_X1_B35:N12,1,trt_cp,CV-1808,ADORA2A,1.0,0.12 uM,0.12
ASG002_U251MG_24H:N13,U251MG,ASG002,24 h,ASG002_U251MG_24H_X1_B35:N13,1,trt_cp,JNJ-7706621,"AURKA, AURKB, CDK1, CDK2",4.0,10 uM,10.0
ASG002_U251MG_24H:N14,U251MG,ASG002,24 h,ASG002_U251MG_24H_X1_B35:N14,1,trt_cp,JNJ-7706621,"AURKA, AURKB, CDK1, CDK2",4.0,1.11 uM,1.11
ASG002_U251MG_24H:N15,U251MG,ASG002,24 h,ASG002_U251MG_24H_X1_B35:N15,1,trt_cp,JNJ-7706621,"AURKA, AURKB, CDK1, CDK2",4.0,0.12 uM,0.12
ASG002_U251MG_24H:N16,U251MG,ASG002,24 h,ASG002_U251MG_24H_X1_B35:N16,1,trt_cp,GW-501516,PPARD,1.0,10 uM,10.0
ASG002_U251MG_24H:N17,U251MG,ASG002,24 h,ASG002_U251MG_24H_X1_B35:N17,1,trt_cp,GW-501516,PPARD,1.0,1.11 uM,1.11
ASG002_U251MG_24H:N18,U251MG,ASG002,24 h,ASG002_U251MG_24H_X1_B35:N18,1,trt_cp,GW-501516,PPARD,1.0,0.12 uM,0.12
ASG002_U251MG_24H:N19,U251MG,ASG002,24 h,ASG002_U251MG_24H_X1_B35:N19,1,trt_cp,vandetanib,"EGFR, FLT1, FLT4, KDR, PTK6, RET, TEK",7.0,10 uM,10.0
ASG002_U251MG_24H:N20,U251MG,ASG002,24 h,ASG002_U251MG_24H_X1_B35:N20,1,trt_cp,vandetanib,"EGFR, FLT1, FLT4, KDR, PTK6, RET, TEK",7.0,1.11 uM,1.11
ASG002_U251MG_24H:N21,U251MG,ASG002,24 h,ASG002_U251MG_24H_X1_B35:N21,1,trt_cp,vandetanib,"EGFR, FLT1, FLT4, KDR, PTK6, RET, TEK",7.0,0.12 uM,0.12
ASG002_U251MG_24H:N22,U251MG,ASG002,24 h,ASG002_U251MG_24H_X1_B35:N22,1,trt_cp,afatinib,"EGFR, ERBB2, ERBB4",3.0,10 uM,10.0
ASG002_U251MG_24H:N23,U251MG,ASG002,24 h,ASG002_U251MG_24H_X1_B35:N23,1,trt_cp,afatinib,"EGFR, ERBB2, ERBB4",3.0,1.11 uM,1.11
ASG002_U251MG_24H:N24,U251MG,ASG002,24 h,ASG002_U251MG_24H_X1_B35:N24,1,trt_cp,afatinib,"EGFR, ERBB2, ERBB4",3.0,0.12 uM,0.12
ASG002_U251MG_24H:O01,U251MG,ASG002,24 h,ASG002_U251MG_24H_X1_B35:O01,1,trt_cp,crizotinib,"ALK, MET",2.0,10 uM,10.0
ASG002_U251MG_24H:O02,U251MG,ASG002,24 h,ASG002_U251MG_24H_X1_B35:O02,1,trt_cp,crizotinib,"ALK, MET",2.0,1.11 uM,1.11
ASG002_U251MG_24H:O03,U251MG,ASG002,24 h,ASG002_U251MG_24H_X1_B35:O03,1,trt_cp,crizotinib,"ALK, MET",2.0,0.08 uM,0.08
ASG002_U251MG_24H:O07,U251MG,ASG002,24 h,ASG002_U251MG_24H_X1_B35:O07,1,trt_cp,calcitriol,VDR,1.0,10 uM,10.0
ASG002_U251MG_24H:O08,U251MG,ASG002,24 h,ASG002_U251MG_24H_X1_B35:O08,1,trt_cp,calcitriol,VDR,1.0,1.11 uM,1.11
ASG002_U251MG_24H:O09,U251MG,ASG002,24 h,ASG002_U251MG_24H_X1_B35:O09,1,trt_cp,calcitriol,VDR,1.0,0.12 uM,0.12
ASG002_U251MG_24H:O10,U251MG,ASG002,24 h,ASG002_U251MG_24H_X1_B35:O10,1,trt_cp,raloxifene,"ESR1, ESR2",2.0,10 uM,10.0
ASG002_U251MG_24H:O11,U251MG,ASG002,24 h,ASG002_U251MG_24H_X1_B35:O11,1,trt_cp,raloxifene,"ESR1, ESR2",2.0,1.11 uM,1.11
ASG002_U251MG_24H:O12,U251MG,ASG002,24 h,ASG002_U251MG_24H_X1_B35:O12,1,trt_cp,raloxifene,"ESR1, ESR2",2.0,0.12 uM,0.12
ASG002_U251MG_24H:O13,U251MG,ASG002,24 h,ASG002_U251MG_24H_X1_B35:O13,1,trt_cp,PD-0325901,MAP2K1,1.0,10 uM,10.0
ASG002_U251MG_24H:O14,U251MG,ASG002,24 h,ASG002_U251MG_24H_X1_B35:O14,1,trt_cp,PD-0325901,MAP2K1,1.0,1.11 uM,1.11
ASG002_U251MG_24H:O15,U251MG,ASG002,24 h,ASG002_U251MG_24H_X1_B35:O15,1,trt_cp,PD-0325901,MAP2K1,1.0,0.12 uM,0.12
ASG002_U251MG_24H:O16,U251MG,ASG002,24 h,ASG002_U251MG_24H_X1_B35:O16,1,trt_cp,parbendazole,TUBB,1.0,10 uM,10.0
ASG002_U251MG_24H:O17,U251MG,ASG002,24 h,ASG002_U251MG_24H_X1_B35:O17,1,trt_cp,parbendazole,TUBB,1.0,1.11 uM,1.11
ASG002_U251MG_24H:O18,U251MG,ASG002,24 h,ASG002_U251MG_24H_X1_B35:O18,1,trt_cp,parbendazole,TUBB,1.0,0.12 uM,0.12
ASG002_U251MG_24H:O19,U251MG,ASG002,24 h,ASG002_U251MG_24H_X1_B35:O19,1,trt_cp,salmeterol,ADRB2,1.0,10 uM,10.0
ASG002_U251MG_24H:O20,U251MG,ASG002,24 h,ASG002_U251MG_24H_X1_B35:O20,1,trt_cp,salmeterol,ADRB2,1.0,1.11 uM,1.11
ASG002_U251MG_24H:O21,U251MG,ASG002,24 h,ASG002_U251MG_24H_X1_B35:O21,1,trt_cp,salmeterol,ADRB2,1.0,0.12 uM,0.12
ASG002_U251MG_24H:O22,U251MG,ASG002,24 h,ASG002_U251MG_24H_X1_B35:O22,1,trt_cp,PI-103,"MTOR, PIK3CA, PIK3CB, PIK3CD, PIK3CG",5.0,10 uM,10.0
ASG002_U251MG_24H:O23,U251MG,ASG002,24 h,ASG002_U251MG_24H_X1_B35:O23,1,trt_cp,PI-103,"MTOR, PIK3CA, PIK3CB, PIK3CD, PIK3CG",5.0,1.11 uM,1.11
ASG002_U251MG_24H:O24,U251MG,ASG002,24 h,ASG002_U251MG_24H_X1_B35:O24,1,trt_cp,PI-103,"MTOR, PIK3CA, PIK3CB, PIK3CD, PIK3CG",5.0,0.12 uM,0.12
ASG002_U251MG_24H:P01,U251MG,ASG002,24 h,ASG002_U251MG_24H_X1_B35:P01,1,trt_cp,emetine,RPS2,1.0,10 uM,10.0
ASG002_U251MG_24H:P02,U251MG,ASG002,24 h,ASG002_U251MG_24H_X1_B35:P02,1,trt_cp,emetine,RPS2,1.0,1.11 uM,1.11
ASG002_U251MG_24H:P03,U251MG,ASG002,24 h,ASG002_U251MG_24H_X1_B35:P03,1,trt_cp,emetine,RPS2,1.0,0.12 uM,0.12
ASG002_U251MG_24H:P04,U251MG,ASG002,24 h,ASG002_U251MG_24H_X1_B35:P04,1,trt_cp,temozolomide,MGMT,1.0,10 uM,10.0
ASG002_U251MG_24H:P05,U251MG,ASG002,24 h,ASG002_U251MG_24H_X1_B35:P05,1,trt_cp,temozolomide,MGMT,1.0,1.11 uM,1.11
ASG002_U251MG_24H:P06,U251MG,ASG002,24 h,ASG002_U251MG_24H_X1_B35:P06,1,trt_cp,temozolomide,MGMT,1.0,0.12 uM,0.12
ASG002_U251MG_24H:P07,U251MG,ASG002,24 h,ASG002_U251MG_24H_X1_B35:P07,1,trt_cp,mitoxantrone,TOP2A,1.0,10 uM,10.0
ASG002_U251MG_24H:P08,U251MG,ASG002,24 h,ASG002_U251MG_24H_X1_B35:P08,1,trt_cp,mitoxantrone,TOP2A,1.0,1.11 uM,1.11
ASG002_U251MG_24H:P09,U251MG,ASG002,24 h,ASG002_U251MG_24H_X1_B35:P09,1,trt_cp,mitoxantrone,TOP2A,1.0,0.12 uM,0.12
ASG002_U251MG_24H:P10,U251MG,ASG002,24 h,ASG002_U251MG_24H_X1_B35:P10,1,trt_cp,DL-PDMP,"ASAH1, UGCG",2.0,10 uM,10.0
ASG002_U251MG_24H:P11,U251MG,ASG002,24 h,ASG002_U251MG_24H_X1_B35:P11,1,trt_cp,DL-PDMP,"ASAH1, UGCG",2.0,1.11 uM,1.11
ASG002_U251MG_24H:P12,U251MG,ASG002,24 h,ASG002_U251MG_24H_X1_B35:P12,1,trt_cp,DL-PDMP,"ASAH1, UGCG",2.0,0.12 uM,0.12
ASG002_U251MG_24H:P13,U251MG,ASG002,24 h,ASG002_U251MG_24H_X1_B35:P13,1,trt_cp,ixazomib,PSMB1,1.0,10 uM,10.0
ASG002_U251MG_24H:P14,U251MG,ASG002,24 h,ASG002_U251MG_24H_X1_B35:P14,1,trt_cp,ixazomib,PSMB1,1.0,1.11 uM,1.11
ASG002_U251MG_24H:P15,U251MG,ASG002,24 h,ASG002_U251MG_24H_X1_B35:P15,1,trt_cp,ixazomib,PSMB1,1.0,0.12 uM,0.12
ASG002_U251MG_24H:P16,U251MG,ASG002,24 h,ASG002_U251MG_24H_X1_B35:P16,1,trt_cp,palbociclib,"CDK4, CDK6",2.0,10 uM,10.0
ASG002_U251MG_24H:P17,U251MG,ASG002,24 h,ASG002_U251MG_24H_X1_B35:P17,1,trt_cp,palbociclib,"CDK4, CDK6",2.0,1.11 uM,1.11
ASG002_U251MG_24H:P18,U251MG,ASG002,24 h,ASG002_U251MG_24H_X1_B35:P18,1,trt_cp,palbociclib,"CDK4, CDK6",2.0,0.12 uM,0.12
ASG002_U251MG_24H:P19,U251MG,ASG002,24 h,ASG002_U251MG_24H_X1_B35:P19,1,trt_cp,idarubicin,TOP2A,1.0,12 uM,12.0
ASG002_U251MG_24H:P20,U251MG,ASG002,24 h,ASG002_U251MG_24H_X1_B35:P20,1,trt_cp,idarubicin,TOP2A,1.0,1.11 uM,1.11
ASG002_U251MG_24H:P21,U251MG,ASG002,24 h,ASG002_U251MG_24H_X1_B35:P21,1,trt_cp,idarubicin,TOP2A,1.0,0.12 uM,0.12
ASG002_U251MG_24H:P22,U251MG,ASG002,24 h,ASG002_U251MG_24H_X1_B35:P22,1,trt_cp,digitoxin,ATP1A1,1.0,10 uM,10.0
ASG002_U251MG_24H:P23,U251MG,ASG002,24 h,ASG002_U251MG_24H_X1_B35:P23,1,trt_cp,digitoxin,ATP1A1,1.0,1.11 uM,1.11
ASG002_U251MG_24H:P24,U251MG,ASG002,24 h,ASG002_U251MG_24H_X1_B35:P24,1,trt_cp,digitoxin,ATP1A1,1.0,0.12 uM,0.12
